Fecha de inicio de efectos;Normativa;SMI Día (En euros);SMI Mes (En euros);SMI Año (En euros);Incremento sobre salario anterior (En %);SMI trabajadores eventuales y temporeros (Por jornada legal);SMI empleados de hogar (Por hora)
1-VI-1980;R.D. 1257/1980 (2);4,56;136,85;-;10,2;6,21;-
1-IV-1981;R.D. 1326/198 (2);5,13;153,98;-;12,5;6,98;-
1-I-1982;R.D. 124/198 (2);5,70;170,93;-;11,0;7,75;-
1-I-1983;R.D. 100/198 (2);6,44;193,29;-;13,1;8,76;-
1-I-1984;R.D. 3238/198 (2);6,96;208,79;-;8,0;9,42;-
1-I-1985;R.D. 2299/198 (2);7,45;223,40;-;7,0;10,13;-
1-I-1986;R.D. 2474/198 (2);8,04;241,25;-;8,0;10,94;1,74
1-I-1987;R.D. 2642/198 (2);8,44;253,33;-;5,0;11,49;1,83
1-I-1988;R.D. 1681/198 (2);8,82;264,69;-;4,5;11,95;1,91
1-I-1989;R.D. 23/198 (2);9,35;280,55;-;6,0;12,73;2,02
1-I-1990;R.D. 170/199 (3);10,02;300,57;4.207,93;7,1;14,24;2,33
1-I-1991;R.D. 8/1991 (3);10,67;320,04;4.477,54;6,5;15,16;2,48
1-I-1992;R.D. 3/1992 (3);11,27;338,25;4.735,49;5,7;16,03;2,62
1-I-1993;R.D. 44/199 (3);11,73;351,77;4.924,81;4,0;16,67;2,73
1-I-1994;R.D. 2318/1993 (3);12,13;364,03;5.096,46;3,5;17,25;2,82
1-I-1995;R.D. 2548/1994 (3);12,56;376,83;5.275,68;3,5;17,86;2,93
1-I-1996;R.D. 2199/1995 (3);13,01;390,18;5.462,48;3,5;18,49;3,03
1-I-1997;R.D. 2656/1996 (3);13,35;400,45;5.606,36;2,6;18,97;3,11
1-I-1998;R.D. 2015/199 (4);13,63;408,93;5.725,00;2,1;19,38;3,17
1-I-1999;R.D. 2817/199;13,88;416,32;5.828,50;1,8;19,73;3,23
1-I-2000;R.D. 2065/199;14,16;424,80;5.947,13;2,0;20,13;3,30
1-I-2001;R.D. 3476/200;14,45;433,45;6.068,30;2,0;20,54;3,37
1-I-2002;R.D. 1466/200;14,74;442,20;6.190,80;2,0;20,95;3,44
1-I-2003;R.D. 1426/200;15,04;451,20;6.316,80;2,0;21,37;3,51
1-I-2004;R.D. 1793/200;15,35;460,50;6.447,00;2,0;21,80;3,59
1-VII-2004;R.D.L. 3/200;16,36;490,80;6.871,20;6,6;23,24;3,83
1-I-2005;R.D. 2388/200;17,10;513,00;7.182,00;4,5;24,29;4,01
1-I-2006;R.D. 1613/200;18,03;540,90;7.572,60;5,4;25,61;4,23
1-I-2007;R.D. 1632/200;19,02;570,60;7.988,40;5,5;27,02;4,47
1-I-2008;R.D. 1763/200;20,00;600,00;8.400,00;5,2;28,42;4,7
1-I-2009;R.D. 2128/200;20,80;624,00;8.736,00;4,0;29,56;4,89
1-I-2010;R.D. 2030/200;21,11;633,30;8.866,20;1,5;30,00;4,96
1-I-2011;R.D. 1795/201;21,38;641,40;8.979,60;1,3;30,39;5,02
1-I-2012;R.D. 1888/201 (5);21,38;641,40;8.979,60;0,0;30,39;5,02
1-I-2013;R.D. 1717/201;21,51;645,30;9.034,20;0,6;30,57;5,05
1-I-2014;R.D. 1046/201 (5);21,51;645,30;9.034,20;0,0;30,57;5,05
1-I-2015;R.D. 1106/201;21,62;648,60;9.080,40;0,5;30,72;5,08
1-I-2016;R.D. 1171/201;21,84;655,20;9.172,80;1,0;31,03;5,13
1-I-2017;R.D. 742/201;23,59;707,70;9.907,80;8,0;33,51;5,54
1-I-2018;R.D. 1077/201;24,53;735,90;10.302,60;4,0;34,85;5,76
1-I-2019;R.D. 1462/201;30,00;900,00;12.600,00;22,3;42,62;7,04
1-I-2020;R.D. 231/202;31,66;950,00;13.300,00;5,6;44,99;7,43
1-I-2021;R.D. 231/202 (5);31,66;950,00;13.300,00;0,0;44,99;7,43
1-IX-2021;R.D. 817/202;32,17;965,00;13.510,00;1,6;45,70;7,55
1-I-2022;R.D. 152/202;33,33;1.000,00;14.000,00;3,6;47,36;7,82
14-II-2023;R.D. 99/202;36,00;1.080,00;15.120,00;8,0;51,15;8,45
1-I-2024;R.D. 145/202;37,80;1.134,00;15.876,00;5,0;53,71;8,87
1-I-2025;R.D. 87/202;39,47;1.184,00;16.576,00;4,4;56,08;9,26
1-I-2026;R.D. 126/2026;40,70;1.221,00;17.094,00;3,1;57,82;9,55
